IP,Date,Time,Accepted cookies,Device type,Browser language,Browser name,OS Name,Country,Region,RegionName,City,Zipcode,Lat,Lon
49.36.83.154,2023-10-17,12:37:51 UTC,["necessary"],desktop,en,Chrome,Linux,India,GJ,Gujarat,Surat,395007,21.1888,72.8293
49.36.83.154,2023-10-18,03:51:17 UTC,["necessary"],desktop,en,Chrome,Linux,India,GJ,Gujarat,Surat,395007,21.1888,72.8293
49.36.83.154,2023-11-13,10:23:56 UTC,["necessary"],desktop,en,Chrome,Windows,India,GJ,Gujarat,Surat,395007,21.1888,72.8293
49.36.83.154,2023-11-29,04:26:43 UTC,["necessary"],desktop,en,Chrome,Linux,India,GJ,Gujarat,Surat,395007,21.1888,72.8293
49.36.83.154,2023-11-29,06:52:51 UTC,["necessary"],desktop,en,Chrome,Linux,India,GJ,Gujarat,Surat,395007,21.1888,72.8293
49.36.83.154,2023-11-29,10:06:02 UTC,["necessary"],desktop,en,Chrome,Linux,India,GJ,Gujarat,Surat,395007,21.1888,72.8293
49.36.83.154,2023-12-04,06:19:15 UTC,["necessary"],desktop,en,Chrome,Linux,India,GJ,Gujarat,Surat,394101,21.1888,72.8293
49.36.83.154,2023-12-04,11:25:08 UTC,["necessary"],desktop,en,Chrome,Linux,India,GJ,Gujarat,Surat,394101,21.1888,72.8293
49.36.83.154,2023-12-05,07:23:44 UTC,["necessary"],desktop,en,Chrome,Linux,India,GJ,Gujarat,Surat,394101,21.1888,72.8293
49.36.83.154,2023-12-18,07:28:05 UTC,["necessary"],desktop,en,Chrome,Linux,India,GJ,Gujarat,Surat,394101,21.1888,72.8293
49.36.83.154,2023-12-22,05:09:22 UTC,["necessary"],desktop,en,Chrome,Linux,India,GJ,Gujarat,Surat,394101,21.1888,72.8293
49.36.83.154,2024-02-06,12:18:11 UTC,["necessary"],desktop,en,Chrome,Linux,India,GJ,Gujarat,Surat,395007,21.1888,72.8293
49.36.83.154,2024-03-28,05:32:52 UTC,["necessary"],desktop,en,Chrome,Linux,India,GJ,Gujarat,Surat,395007,21.1888,72.8293
49.36.83.154,2024-05-07,05:17:13 UTC,["necessary"],desktop,en,Chrome,Linux,India,GJ,Gujarat,Surat,395007,21.1888,72.8293
49.36.83.154,2024-06-25,09:40:37 UTC,["necessary"],desktop,en,Chrome,Linux,India,GJ,Gujarat,Surat,395007,21.1888,72.8293
49.36.83.154,2024-08-13,09:51:59 UTC,["necessary"],desktop,en,Chrome,Linux,India,GJ,Gujarat,Surat,395007,21.1888,72.8293
49.36.83.154,2024-10-02,04:41:21 UTC,["necessary"],desktop,en,Chrome,Linux,India,GJ,Gujarat,Surat,395007,21.1888,72.8293
49.36.83.154,2024-10-03,09:09:17 UTC,["necessary"],desktop,en,Chrome,Linux,India,GJ,Gujarat,Surat,395007,21.1888,72.8293
49.36.83.154,2024-10-04,06:03:37 UTC,["necessary"],desktop,en,Chrome,Linux,India,GJ,Gujarat,Surat,395007,21.1888,72.8293
49.36.83.154,2025-03-13,09:01:31 UTC,["necessary"],desktop,en,Chrome,Linux,India,GJ,Gujarat,Surat,395007,21.1981,72.8298
49.36.83.154,2025-03-13,11:06:41 UTC,["necessary"],desktop,en,Chrome,Linux,India,GJ,Gujarat,Surat,395007,21.1981,72.8298
